Workbook

Sheet 📋 Base de Dados
A1: BASE DE DADOS DE COLABORADORES
A2: Preencha os dados de todos os colaboradores. Colaboradores desligados devem ter a data de desligamento preenchida.
A3: Nome | B3: Data de Admissão | C3: Data de Desligamento | D3: Status | E3: Área | F3: Cargo | G3: Motivo do Desligamento
A4: Ana Lima | B4: 15/03/2022 | D4: Ativo | E4: Comercial | F4: Analista de Vendas
A5: Bruno Souza | B5: 10/01/2023 | C5: 20/02/2025 | D5: Desligado | E5: TI | F5: Dev Junior | G5: Proposta melhor
A6: Carla Mendes | B6: 05/06/2021 | D6: Ativo | E6: Operações | F6: Coordenadora
A7: Diego Alves | B7: 02/08/2023 | C7: 15/01/2025 | D7: Desligado | E7: RH | F7: Assistente RH | G7: Insatisfação c/ liderança
A8: Elaine Costa | B8: 12/11/2022 | D8: Ativo | E8: Financeiro | F8: Analista Financeiro
A9: Felipe Rocha | B9: 20/04/2024 | C9: 10/03/2025 | D9: Desligado | E9: Comercial | F9: SDR | G9: Término de contrato
A10: Gabi Torres | B10: 01/07/2023 | D10: Ativo | E10: Marketing | F10: Analista de Marketing
A11: Hugo Martins | B11: 14/02/2022 | C11: 28/02/2025 | D11: Desligado | E11: TI | F11: Dev Pleno | G11: Proposta melhor
A12: Isabela Nunes | B12: 08/09/2023 | D12: Ativo | E12: Operações | F12: Analista
A13: Jonas Ferreira | B13: 30/03/2024 | D13: Ativo | E13: Financeiro | F13: Controller
A25: ℹ️ LEGENDA DE MOTIVOS SUGERIDOS: Proposta melhor | Insatisfação c/ liderança | Falta de crescimento | Problema pessoal | Término de contrato | Desempenho | Reestruturação

Sheet 📊 Cálculo de Turnover
A1: CÁLCULO DE TURNOVER
A2: Preencha os campos em BRANCO com os dados do seu headcount. Os cálculos são automáticos.
A4: TABELA MENSAL DE TURNOVER
A5: Mês | B5: Headcount Inicial | C5: Headcount Final | D5: Headcount Médio | E5: Desligamentos | F5: Turnover Mensal | G5: Acumulado Anual
A6: Janeiro | B6: 80 | C6: 78 | D6: =(B6+C6)/2 -> 79 | E6: 4 | F6: =IFERROR(E6/D6,0) -> 0.050632911 | G6: =IFERROR(SUM(F6),0) -> 0.050632911
A7: Fevereiro | B7: 78 | C7: 79 | D7: =(B7+C7)/2 -> 78.5 | E7: 3 | F7: =IFERROR(E7/D7,0) -> 0.038216561 | G7: =IFERROR(SUM(F6:F7),0) -> 0.088849472
A8: Março | B8: 79 | C8: 81 | D8: =(B8+C8)/2 -> 80 | E8: 2 | F8: =IFERROR(E8/D8,0) -> 0.025 | G8: =IFERROR(SUM(F6:F8),0) -> 0.11384947
A9: Abril | B9: 81 | C9: 80 | D9: =(B9+C9)/2 -> 80.5 | E9: 3 | F9: =IFERROR(E9/D9,0) -> 0.037267081 | G9: =IFERROR(SUM(F6:F9),0) -> 0.15111655
A10: Maio | B10: 80 | C10: 82 | D10: =(B10+C10)/2 -> 81 | E10: 2 | F10: =IFERROR(E10/D10,0) -> 0.024691358 | G10: =IFERROR(SUM(F6:F10),0) -> 0.17580791
A11: Junho | B11: 82 | C11: 83 | D11: =(B11+C11)/2 -> 82.5 | E11: 1 | F11: =IFERROR(E11/D11,0) -> 0.012121212 | G11: =IFERROR(SUM(F6:F11),0) -> 0.18792912
A12: Julho | B12: 83 | C12: 82 | D12: =(B12+C12)/2 -> 82.5 | E12: 3 | F12: =IFERROR(E12/D12,0) -> 0.036363636 | G12: =IFERROR(SUM(F6:F12),0) -> 0.22429276
A13: Agosto | B13: 82 | C13: 81 | D13: =(B13+C13)/2 -> 81.5 | E13: 4 | F13: =IFERROR(E13/D13,0) -> 0.049079755 | G13: =IFERROR(SUM(F6:F13),0) -> 0.27337251
A14: Setembro | B14: 81 | C14: 80 | D14: =(B14+C14)/2 -> 80.5 | E14: 3 | F14: =IFERROR(E14/D14,0) -> 0.037267081 | G14: =IFERROR(SUM(F6:F14),0) -> 0.31063959
A15: Outubro | B15: 80 | C15: 79 | D15: =(B15+C15)/2 -> 79.5 | E15: 2 | F15: =IFERROR(E15/D15,0) -> 0.025157233 | G15: =IFERROR(SUM(F6:F15),0) -> 0.33579683
A16: Novembro | B16: 79 | C16: 78 | D16: =(B16+C16)/2 -> 78.5 | E16: 3 | F16: =IFERROR(E16/D16,0) -> 0.038216561 | G16: =IFERROR(SUM(F6:F16),0) -> 0.37401339
A17: Dezembro | B17: 78 | C17: 77 | D17: =(B17+C17)/2 -> 77.5 | E17: 4 | F17: =IFERROR(E17/D17,0) -> 0.051612903 | G17: =IFERROR(SUM(F6:F17),0) -> 0.42562629
A18: TOTAL / ANO | B18: =B6 -> 80 | C18: =C17 -> 77 | D18: =AVERAGE(D6:D17) -> 80.125 | E18: =SUM(E6:E17) -> 34 | F18: =IFERROR(SUM(E6:E17)/AVERAGE(D6:D17),0) -> 0.42433697 | G18: =F18 -> 0.42433697
A21: INDICADORES CONSOLIDADOS
A25: 📌 BENCHMARK: Abaixo de 10% ao ano = saudável | 10% a 20% = atenção | Acima de 20% = problema estrutural
A26: 🔵 Células em AZUL = insira seus dados ⚫ Células em PRETO = cálculo automático
B2222: TURNOVER ANUAL | D2222: TOTAL DESLIGAMENTOS | F2222: HC MÉDIO DO ANO
B2223: =F18 -> 0.42433697 | D2223: =SUM(E6:E17) -> 34 | F2223: =AVERAGE(D6:D17) -> 80.125

Sheet 📈 Dashboard
A1: DASHBOARD DE TURNOVER
A3: TURNOVER MENSAL (%) | G3: DESLIGAMENTOS POR ÁREA
A4: Jan | B4: ='📊 Cálculo de Turnover'!F6 -> 0.050632911 | G4: Área | H4: Desligamentos
A5: Fev | B5: ='📊 Cálculo de Turnover'!F7 -> 0.038216561 | G5: Comercial | H5: 2
A6: Mar | B6: ='📊 Cálculo de Turnover'!F8 -> 0.025 | G6: TI | H6: 2
A7: Abr | B7: ='📊 Cálculo de Turnover'!F9 -> 0.037267081 | G7: RH | H7: 1
A8: Mai | B8: ='📊 Cálculo de Turnover'!F10 -> 0.024691358 | G8: Operações | H8: 0
A9: Jun | B9: ='📊 Cálculo de Turnover'!F11 -> 0.012121212 | G9: Financeiro | H9: 0
A10: Jul | B10: ='📊 Cálculo de Turnover'!F12 -> 0.036363636 | G10: Marketing | H10: 0
A11: Ago | B11: ='📊 Cálculo de Turnover'!F13 -> 0.049079755
A12: Set | B12: ='📊 Cálculo de Turnover'!F14 -> 0.037267081
A13: Out | B13: ='📊 Cálculo de Turnover'!F15 -> 0.025157233
A14: Nov | B14: ='📊 Cálculo de Turnover'!F16 -> 0.038216561
A15: Dez | B15: ='📊 Cálculo de Turnover'!F17 -> 0.051612903
A33: MOTIVOS DE DESLIGAMENTO
A34: Motivo | B34: Qtd
A35: Proposta melhor | B35: 2
A36: Insatisfação c/ liderança | B36: 1
A37: Término de contrato | B37: 1
A38: Falta de crescimento | B38: 0
A39: Problema pessoal | B39: 0

Sheet 💡 Insights
A1: INSIGHTS E ALERTAS DE RISCO
A3: DIAGNÓSTICO AUTOMÁTICO
A4: Turnover Anual | C4: Total Desligamentos | E4: HC Médio do Ano
A5: ='📊 Cálculo de Turnover'!F18 -> 0.42433697 | C5: ='📊 Cálculo de Turnover'!E18 -> 34 | E5: ='📊 Cálculo de Turnover'!D18 -> 80.125
A8: SEMÁFORO DE RISCO
A9: TURNOVER ANUAL | B9: ='📊 Cálculo de Turnover'!F18 -> 0.42433697 | C9: =IF('📊 Cálculo de Turnover'!F18<0.1,"✅ Saudável — continue monitorando mensalmente",IF('📊 Cálculo de Turnover'!F18<0.2,"⚠️ Atenção — identifique as áreas com maior saída e investigue causas","🚨 CRÍTICO — implemente plano de retenção urgente")) -> 🚨 CRÍTICO — implemente plano de retenção urgente
A10: PRINCIPAIS MOTIVOS | B10: Verificar aba Base de Dados | C10: Analise os motivos mais frequentes na coluna G da Base de Dados
A11: ÁREA COM MAIS SAÍDAS | B11: Verificar aba Dashboard | C11: Consulte o gráfico 'Desligamentos por Área' no Dashboard para identificar foco de ação
A14: COMO INTERPRETAR OS DADOS
A15: TURNOVER ALTO EM UMA ÁREA ESPECÍFICA | B15: Indica problema de liderança ou clima local. Priorize pesquisa de clima e reuniões 1:1 com a equipe antes de contratar.
A16: TURNOVER ALTO EM TODO O QUADRO | B16: Indica problema sistêmico: cultura, remuneração, liderança ou falta de perspectiva. Requer diagnóstico amplo e plano estruturado.
A17: TURNOVER EM PROFISSIONAIS COM MENOS DE 1 ANO | B17: Indica falha no processo de contratação ou no onboarding. Revise o alinhamento de expectativas e a integração dos novos.
A18: TURNOVER EM ALTA PERFORMANCE | B18: É o mais crítico. Indica falta de reconhecimento, plano de carreira ou desafios. Ação imediata de retenção individual.
A19: MOTIVO 'PROPOSTA MELHOR' RECORRENTE | B19: Pode indicar desalinhamento de remuneração com mercado ou falta de outros benefícios não financeiros valorizados pelo time.

Sheet 🎯 Estratégias
A1: 5 ESTRATÉGIAS PARA REDUZIR O TURNOVER
A2: Marque o status de cada ação e acompanhe a implementação na sua empresa
A4: # | B4: ESTRATÉGIA | C4: COMO IMPLEMENTAR | D4: RESPONSÁVEL | E4: PRAZO | F4: STATUS
A5: 1 | B5: Onboarding Estruturado | C5: Crie trilhas de integração com conteúdo sobre cultura, processos e ferramentas. Defina um buddy para os primeiros 30 dias. Acompanhe o ramp up com checkpoints. | D5: RH + Liderança | E5: 30 dias | F5: ⬜ Não iniciado
A6: 2 | B6: Avaliação de Desempenho Contínua | C6: Implante ciclos regulares de avaliação (trimestral ou semestral). Use múltiplas perspectivas (autoavaliação, gestor, pares). Defina PDIs a partir dos resultados. | D6: RH | E6: 60 dias | F6: ⬜ Não iniciado
A7: 3 | B7: People Analytics e Monitoramento | C7: Acompanhe mensalmente: turnover por área, absenteísmo, eNPS e resultados de avaliação. Cruze dados para identificar padrões de risco antes da demissão. | D7: RH | E7: 30 dias | F7: ⬜ Não iniciado
A8: 4 | B8: Desenvolvimento de Liderança | C8: Capacite gestores em feedback, gestão de conflitos e escuta ativa. Liderança imediata é a principal causa de saída voluntária nas empresas. | D8: RH + Diretoria | E8: 90 dias | F8: ⬜ Não iniciado
A9: 5 | B9: Plano de Carreira e Desenvolvimento | C9: Mapeie trilhas de crescimento por cargo. Crie critérios claros de promoção. Invista em educação corporativa com trilhas de soft e hard skills. | D9: RH + Liderança | E9: 90 dias | F9: ⬜ Não iniciado
A12: PROGRESSO DE IMPLEMENTAÇÃO
A13: Ações concluídas: | B13: =COUNTIF(F5:F9,"✅ Concluído") -> 0 | C13: de 5 estratégias | D13: =IFERROR(COUNTIF(F5:F9,"✅ Concluído")/5,0) -> 0
A16: 💡 Altere o STATUS de cada estratégia para ✅ Concluído conforme avançar na implementação
A17: 🔗 Quer automatizar o monitoramento de turnover e conectar com avaliação de desempenho? Conheça o You Performa: yourh.com.br/solucoes/you-performa
